molid,b_cs,b_cl,b_cw,b_bs,b_bl,b_bw,RS,CS,AS
CID000000007,,,-0.027886379681617994,,,-0.055545423494320983,-11.0714,0.21739130434782605,0.9191489361702132
CID000003134,informer,informer,informer,,,-0.057433304090672946,-10.3429,0.954198473282443,0.9162907268170428
CID000005228,,,-0.05011702515785902,,,-0.06886690963231304,-7.585710000000001,0.892215568862275,0.897354497354497
CID000069689,,,-0.02676393036092599,,,-0.05091613613615702,-7.817139999999999,0.8714285714285709,0.8913580246913579
CID000099545,,,-0.03941606409382399,,,-0.07149816174527401,-12.5857,0.8846153846153849,0.9518987341772148
CID000129723,,,-0.04304926796932501,,,-0.05642482257756696,-6.714289999999999,0.952631578947368,0.970769230769231
CID000156414,,,-0.05042480477193501,,,-0.08028877049403599,-12.4443,0.0,0.924
CID000156422,,,-0.046391526593884014,,,-0.08328186513726797,-9.22857,0.9393939393939392,0.966272189349112
CID000221158,,,-0.032193902282127006,,,-0.073516268819004,-10.0071,0.9546599496221658,0.9714285714285708
CID000227502,,,-0.034011433301485025,,,-0.04987516804185703,-3.4,0.9090909090909092,0.904273504273504
CID000253268,,,-0.025599044950692998,,,-0.05003855216523403,-8.442860000000001,0.940789473684211,0.9111111111111108
CID000309461,,,-0.04106982667731199,,,-0.07701160131914302,-15.3857,0.954773869346734,0.916666666666667
CID000447966,,,-0.04929258614810599,,,-0.10152299203387403,-8.18571,0.929411764705882,0.9622516556291392
CID000599038,,,-0.03461347690214699,,,-0.059961971497032994,-21.5,0.538461538461538,0.8222222222222221
CID000667570,,,-0.055708280045084,,,-0.07030425943115101,-7.857139999999999,0.946902654867257,0.968508287292818
CID000838889,,,-0.03576911527465401,,,-0.08796175239363598,-10.6143,0.948424068767908,0.913960113960114
CID001489204,,,-0.04923252524447301,,,-0.094240133553197,-5.1142900000000004,0.930769230769231,0.962622950819672
CID001491157,,,-0.054991585866047,,,-0.08212291093881999,-4.3,0.953964194373402,0.9712846347607048
CID002409198,,,-0.044922546682117995,,,-0.07622444553988798,-8.457139999999999,0.939189189189189,0.9661721068249258
CID002787267,,,-0.045051419861285996,,,-0.069335628055859,-5.57143,0.181818181818182,0.9185714285714291
CID005311382,,,-0.04602985918974799,informer,informer,informer,informer,informer,informer
CID005329477,,,-0.046039932269479014,,,-0.09080939374875296,-6.4,0.864661654135338,0.948878923766816
CID005329481,,,-0.05238578944022601,,,-0.08613245806217601,-6.957139999999999,0.9403973509933778,0.966763848396501
CID005329826,,,-0.04106758433754502,informer,informer,informer,,informer,informer
CID005329841,,,-0.041555753461596005,informer,informer,informer,-31.6443,informer,0.915485564304462
CID005330286,,,-0.035462549460756,,,-0.083328050273447,-6.9428600000000005,0.419354838709677,0.920833333333333
CID006263849,,,-0.038562069004778016,,,-0.061253232964724,-10.4714,0.902173913043478,0.9004830917874399
CID006450551,,,-0.050336359461136,,,-0.10141562335423798,informer,0.4857142857142861,0.921917808219178
CID006538884,,,-0.05109285714278698,,,-0.07702221466737699,-13.0343,0.9108910891089108,0.905349794238683
CID006539376,,,-0.035958142792233,,,-0.130019270646147,-28.1586,0.904255319148936,0.955984555984556
CID006539394,,,-0.03379406865561499,,,-0.11191924792698099,informer,0.9154929577464792,0.957620817843866
CID006539398,,,-0.04641933685279401,,,-0.114151150190417,-9.17143,0.7662337662337659,0.935593220338983
CID006539416,,,-0.043271581601375994,,,-0.10019638563347201,-5.94286,0.879194630872483,0.951072961373391
CID006539426,,,-0.044120041770173,,,-0.100511831035448,-16.7,0.816326530612245,0.941538461538462
CID006539427,,,-0.042808364481614986,,,-0.107661606106674,-3.02857,0.9047619047619052,0.901408450704225
CID006539428,,,-0.044442923742934994,,,-0.09822875858254901,informer,0.94,0.966568914956012
CID006539452,,,-0.048926179086604,,,-0.05905372251335002,-9.1,0.895348837209302,0.898461538461538
CID006539455,,,-0.05892908984160301,,,-0.05514156476086801,-11.3571,0.0,0.9300613496932508
CID006539458,,,-0.056082707616117,,,-0.06054176190303198,-10.8286,0.84070796460177,0.8358974358974358
CID006539461,,,-0.058285389847414,,,-0.08086592237668,-14.2843,0.9291338582677172,0.962126245847176
CID006539463,,,-0.06472736391696801,,,-0.057394428474159015,-10.4243,0.951219512195122,0.9152
CID006539465,,,-0.07324703669865601,,,-0.06448287833778898,-7.414289999999999,0.804347826086957,0.94
CID006539467,,,-0.06527702531117201,,,-0.07875911363583796,-20.2614,0.7777777777777779,0.936666666666667
CID006539470,,,-0.067610302658272,,,-0.08808312228026596,-18.2129,0.950413223140496,0.969920844327177
CID006539472,informer,informer,informer,,,-0.06226544443228898,-19.0714,0.926530612244898,0.908148148148148
CID006539473,,,-0.071347377008735,,,-0.08941824833872296,-16.87,0.0,0.846666666666667
CID006539475,,,-0.06614450295086302,,,-0.05734458833157596,-3.6714300000000004,0.8392857142857142,0.9446601941747572
CID006539477,,,-0.056476387918581,,,-0.07657644864601199,-19.7071,0.8695652173913041,0.949557522123894
CID006539480,,,-0.063031068043064,,,-0.06083286466784398,-10.1,0.921739130434783,0.959717314487633
CID006539481,,,-0.06387702105812601,,,-0.06203257281531799,-10.4143,0.0,0.9671469740634008
CID006539486,,,-0.06245080061852601,,,-0.08445987013437802,-10.1386,0.925311203319502,0.9609589041095892
CID006539492,,,-0.058289691529707,,,-0.07077100183914599,-14.7914,0.945288753799392,0.912912912912913
CID006539496,,,-0.06709923529751699,,,-0.06688498481969199,-6.42857,0.937716262975779,0.9655589123867072
CID006539498,,,-0.06001496013839902,,,-0.06798698060081601,-5.84286,0.802197802197802,0.93968253968254
CID006539501,,,-0.05939817288023902,,,-0.08938565103552698,-31.9114,0.7692307692307689,informer
CID006539504,,,-0.043570794171153004,,,-0.06017248924288799,-11.4571,0.0,0.9108910891089108
CID006539506,,,-0.05402193927646899,,,-0.06412704365417897,-8.3,0.9285714285714292,0.908424908424908
CID006539507,,,-0.050920128353584004,,,-0.081356163942646,-15.7,0.885350318471338,0.952100840336134
CID006539509,,,-0.04912794438723401,,,-0.05521131841738301,-9.7,0.913461538461538,0.956981132075472
CID006539512,,,-0.04487685913949499,,,-0.05256856701040497,-6.957139999999999,0.0,0.9441176470588242
CID006539513,,,-0.05068322391509102,,,-0.07408319161270599,-3.07143,0.9305019305019308,0.909219858156028
CID006539516,,,-0.038905395867902995,,,-0.05181671561847498,-19.1871,0.92274678111588,0.96
CID006539519,,,-0.04844204942594401,,,-0.056004981373457996,-5.94286,0.878378378378378,0.9508620689655172
CID006539523,,,-0.046993667451063995,,,-0.06601585694996098,-6.7,0.919642857142857,0.9591397849462372
CID006539524,,,-0.05379901478099098,,,-0.07319726622360101,-10.0857,0.94578313253012,0.968067226890756
CID006539525,,,-0.056729232769443014,,,-0.06741809328371198,-4.9842900000000006,0.911764705882353,0.8431372549019609
CID006539528,,,-0.050970236865632,,,-0.08652206301842497,-9.485710000000001,0.9514824797843672,0.9703125
CID006539529,,,-0.04984966786532201,,,-0.07673999638086301,-31.3914,0.946268656716418,0.9682451253481892
CID006539550,,,-0.056990046232646,,,-0.10797818551978297,-5.98571,0.902702702702703,0.955642023346304
CID006539565,,,-0.04796047753550299,,,-0.09184521137512297,-14.0857,0.924686192468619,0.960689655172414
CID006539566,,,-0.05231791804219,,,-0.08746782064833601,-31.5386,0.8815789473684209,0.951489361702128
CID006539569,,,-0.06045103380143201,,,-0.09769303120490999,-21.37,0.944272445820433,0.967796610169491
CID006539571,,,-0.04744813370866602,,,-0.09839332039536397,-12.6571,0.73134328358209,0.932941176470588
CID006539572,,,-0.04674221288518201,,,-0.10693942769327597,-11.3571,0.653846153846154,0.927848101265823
CID006539578,,,-0.048790277249147015,,,-0.10182661791324599,-4.971430000000001,0.923728813559322,0.960416666666667
CID006539579,,,-0.052717211844095016,,,-0.08904021483331098,-11.5571,0.943396226415094,0.9674285714285707
CID006539582,,,-0.05175267303081201,,,-0.099883431035672,informer,0.9072164948453608,0.9035087719298248
CID006539587,,,-0.05785539393728602,,,-0.08603275597947699,-17.2714,0.936170212765957,0.964923076923077
CID006539588,,,-0.04854017294474801,,,-0.10311344966048898,-11.0286,0.950276243093923,0.914754098360656
CID006539591,,,-0.047952437272961,,,-0.10520551411372901,-13.0429,0.88,0.84
CID006539602,,,-0.052423909345079,,,-0.089772904790133,-7.61429,0.9302325581395352,0.9625
CID006539605,,,-0.053109178980853,,,-0.087127966579433,-8.84286,0.9315589353612173,0.9629870129870132
CID006539606,,,-0.052717688483868014,,,-0.08311175932946298,-12.9857,0.64,0.926923076923077
CID006539609,,,-0.05017127306332499,,,-0.09152523934330299,-16.7714,0.947058823529412,0.913623188405797
CID006539610,,,-0.0507014619942,,,-0.08834139516209896,-17.7429,0.934306569343066,0.964150943396226
CID006539613,,,-0.043093149472679025,,,-0.10969649073673697,-6.528569999999999,0.7857142857142858,0.937704918032787
CID006539615,,,-0.04355963847724499,,,-0.10336628765055897,-13.6143,0.941176470588235,0.96695652173913
CID006918454,,,-0.041373160171849,,,-0.074790634366918,-2.74286,0.379310344827586,informer
CID009814925,,,-0.047304074827789006,,,-0.06459990452841799,-10.6714,0.9352517985611508,0.964596273291925
CID009826528,informer,informer,informer,,,-0.08281048037986898,-1.87143,0.33333333333333304,0.9197183098591548
CID009836050,,,-0.051223445384801,,,-0.070552308038395,-11.1143,0.5714285714285711,0.925
CID009836051,,,-0.050949807388784005,,,-0.06931802531906298,-11.6943,0.934065934065934,0.96403785488959
CID009836405,informer,informer,informer,,,-0.092116517335064,-8.614289999999999,0.873239436619718,0.950218340611354
CID009861063,,,-0.055886651376984,,,-0.089967652943646,-4.1142900000000004,0.895953757225433,0.95421686746988
CID009865518,,,-0.042216778373456006,,,-0.089621683431295,-7.81429,0.7464788732394371,0.933720930232558
CID009879605,,,-0.04637026416563199,,,-0.058166472587535,-9.28571,0.865671641791045,0.949107142857143
CID009880709,,,-0.062390017592185,,,-0.08172590682799696,-12.5714,0.8705035971223021,0.949779735682819
CID009888013,,,-0.041811105465274,,,-0.10308591976493002,-23.7271,0.947214076246334,0.8512820512820509
CID009901062,,,-0.04565476620853601,,,-0.06725912893373198,-8.212860000000001,0.8474576271186439,0.9457142857142858
CID009903786,,,-0.060452000701908,,,-0.08807000877166299,-28.7343,0.866666666666667,0.8905660377358492
CID009914412,,,-0.051098653215230994,,,-0.093090038563959,-8.41429,0.921397379912664,0.959574468085106
CID009923028,,,-0.05193546078576501,,,-0.064864210198676,-8.957139999999999,0.9320754716981128,0.909473684210526
CID009925372,,,-0.053251805967064,,,-0.08592024095076799,-9.56,0.919282511210762,0.958992805755396
CID009925594,,,-0.056990817581411016,,,-0.077122999191361,-28.6814,0.920704845814978,0.907575757575758
CID009926791,,,-0.04834105449932501,,,-0.13071841409510002,-8.782860000000001,0.3571428571428571,0.92027972027972
CID009929101,,,-0.036519510481335,,,-0.09238140345031601,-4.62857,0.9262295081967208,0.96135593220339
CID009935852,,,-0.039210688201261994,,,-0.087107145274211,-14.2014,0.868613138686131,0.8380952380952379
CID009945516,,,-0.058491073527514,,,-0.086409466882472,-5.25714,0.797752808988764,0.93903743315508
CID009945696,,,-0.04448117556815599,,,-0.06297041397859499,-10.1,0.9490084985835692,0.914444444444444
CID009958299,,,-0.039689017939518,,,-0.08524780973350098,-11.1857,0.7882352941176469,0.93804347826087
CID010028480,,,-0.08905250125696602,,,-0.11543958063581,-9.9,0.9435736677115992,0.8
CID010086873,,,-0.049051084316202004,,,-0.071843674204929,-3.88571,0.672727272727273,0.92875
CID010135552,,,-0.04830998348709399,,,-0.10182445440248099,-6.29714,0.0,0.97038961038961
CID010151417,,,-0.038909594653465,informer,informer,informer,-15.2171,informer,0.96984126984127
CID010158539,,,-0.0608070470597,,,-0.09411933373754698,-7.07143,0.947368421052632,0.968595041322314
CID010161259,,,-0.040307622897514,,,-0.08815424135543101,-7.87143,0.7,0.9309090909090908
CID010173796,,,-0.03705109303675,informer,informer,informer,-65.9329,informer,informer
CID010183216,,,-0.046631823471297004,,,-0.095172206878042,-9.985710000000001,0.9487179487179492,0.9691891891891892
CID010186009,,,-0.03442519181567501,,,-0.09303717642917897,-6.8,0.942492012779553,0.9672413793103448
CID010186182,,,-0.039195478972121015,,,-0.084429009781902,-11.7714,0.9372822299651568,0.8476190476190479
CID010239038,,,-0.041265318459922,informer,informer,informer,-52.1486,informer,0.9031111111111108
CID010267580,,,-0.047632875830192004,,,-0.07659322885982298,-6.642860000000001,0.936395759717314,0.965030674846626
CID010278843,,,-0.03945903372124901,,,-0.08978608638880298,-14.6243,0.927710843373494,0.961744966442953
CID010286382,,,-0.039034261433641006,,,-0.09970538002864598,-5.28143,0.920353982300885,0.959430604982206
CID010287409,,,-0.04946626012109501,,,-0.073061477411559,-14.1,0.6326530612244899,0.8685714285714291
CID010310395,,,-0.033497075249633,informer,informer,informer,informer,informer,informer
CID010358578,,,-0.050598388910836,,,-0.07512795466889399,-23.1429,0.8741258741258741,0.892121212121212
CID010452739,,,-0.05155943797651902,,,-0.078688262692892,-12.8143,0.5,0.922448979591837
CID010595057,,,-0.04692000499823003,,,-0.07730723777516597,-8.5,0.935018050541516,0.9644859813084108
CID010621826,,,-0.04745504968921301,,,-0.06350168124582102,-11.3143,0.947674418604651,0.9687671232876708
CID010639924,,,-0.05651977847972399,,,-0.08840745494520098,-8.385710000000001,0.7272727272727271,0.932544378698225
CID010757558,,,-0.063617061010545,,,-0.07334329589596099,-8.81429,0.952380952380952,0.8
CID011057468,,,-0.052684041609592,,,-0.07204000833510599,-10.3714,0.91044776119403,0.905
CID011133737,,,-0.04270407753357199,,,-0.08805972860515399,-8.385710000000001,0.8,0.93936170212766
CID011197671,,,-0.05221372257483398,,,-0.11170405148899198,-10.4571,0.948275862068966,0.969021739130435
CID011220119,,,-0.049772613022973,,,-0.07202442934049298,-2.9,0.953846153846154,0.971212121212121
CID011224168,,,-0.040410416132293986,,,-0.08708239105338303,-18.1729,0.8317757009345791,0.943283582089552
CID011231979,,,-0.057445494283141996,,,-0.12083685517109598,-12.3286,0.932835820895522,0.963461538461538
CID011373846,,,-0.037708699797219,,,-0.07876528014218799,-15.0043,0.0,0.96566265060241
CID011427162,,,-0.051201895132644996,,,-0.079113789808681,-20.6229,0.694915254237288,0.930487804878049
CID011495551,,,-0.052606614057097004,,,-0.11410414092094898,-40.7714,0.9497206703910608,0.8518518518518521
CID011514099,,,-0.047524838826419,,,-0.06666682850423598,-23.0143,0.882352941176471,0.895555555555556
CID011524582,,,-0.04641373104439399,,,-0.06215213138948801,-5.7,0.934782608695652,0.964375
CID011529890,,,-0.050435819012739,,,-0.081701346564447,-4.82857,0.8144329896907221,0.941237113402062
CID011558948,,,-0.06029882565836299,,,-0.11704114713245198,-8.457139999999999,0.9498607242339828,0.96968085106383
CID011594774,,,-0.04979155458347902,,,-0.08833394882222702,-3.8285699999999996,0.92,0.9592857142857142
CID011595752,,,-0.04750910900409901,,,-0.09207043305269999,-5.17143,0.9016393442622952,0.95546875
CID011626560,,,-0.03667061416519899,,,-0.07100468099096599,-19.8357,0.4375,0.8625
CID011633551,,,-0.057246535693858,,,-0.09650713899610301,-4.95714,0.951742627345844,0.8523809523809521
CID011682470,,,-0.051944579897895006,,,-0.102209580274681,-12.5714,0.91588785046729,0.957777777777778
CID011682680,,,-0.059784205238377006,,,-0.09856151068169698,-5.94286,0.91705069124424,0.958241758241758
CID011712734,,,-0.045180887106326006,,,-0.08966958200392902,-5.21429,0.938983050847458,0.9660714285714292
CID011715767,,,-0.060439130196414004,,,-0.07481926324744301,-51.8129,0.307692307692308,0.816666666666667
CID011716589,,,-0.05842635347629501,,,-0.09633258336594597,-4.85714,0.9537275064267348,0.971139240506329
CID011793277,,,-0.045579576465083,,,-0.06867178111803102,-4.78571,0.943217665615142,0.967335243553009
CID011959683,,,-0.039646138535563,,,-0.07331114016467298,-30.9686,0.9548872180451128,0.916788321167883
CID015407403,,,-0.04776915658243999,,,-0.10388280766864401,-12.8286,0.8767123287671229,0.9506493506493509
CID015521230,,,-0.044512035033002,,,-0.09541337019711697,-7.82857,0.947826086956522,0.9688524590163928
CID015838857,,,-0.035025209984703015,,,-0.09097406906832298,-9.78571,0.9494382022471908,0.96951871657754
CID015872399,,,-0.03764414571384201,,,-0.080923830138074,-20.6143,0.942675159235669,0.8
CID017754438,informer,informer,informer,,,-0.07473444696688299,-3.9285699999999997,0.454545454545455,0.921379310344828
CID017755233,,,-0.03832946044636101,,,-0.09136084082412797,-5.80857,0.927125506072874,0.961486486486486
CID017755746,,,-0.040463760046595,,,-0.08975718068327196,-4.524290000000001,0.915094339622642,0.957462686567164
CID017917696,,,-0.03782433574879,,,-0.086360656139615,-23.5286,0.9057591623036648,0.9022831050228308
CID018536633,,,-0.044185770889909,,,-0.09619810862327195,-5.028569999999999,0.916279069767442,0.9579335793357928
CID018536646,,,-0.04453481889236201,,,-0.093388349905208,-7.87143,0.914691943127962,0.9573033707865172
CID019879232,,,-0.046293796494690995,,,-0.066509014353144,-3.8285699999999996,0.6,0.826666666666667
CID021027446,,,-0.05031568854073799,,,-0.06774146786334,-8.557139999999999,0.921052631578947,0.907865168539326
CID021078798,,,-0.04976086757998001,,,-0.09378709292491498,-6.54286,0.945454545454545,0.850666666666667
CID022049997,,,-0.04175679233327201,,,-0.080096099572954,-6.63714,0.470588235294118,informer
CID022112846,,,-0.04755881349305401,,,-0.086609693081639,-8.27143,0.76,0.9352272727272728
CID022185475,,,-0.06005907603064,,,-0.09352372539878397,-25.935,0.91,0.90464135021097
CID022609863,,,-0.04976033420097501,,,-0.08871828063878899,-12.3429,0.95360824742268,0.971065989847716
CID023133388,,,-0.037684277470272004,,,-0.09698024092081198,-8.77143,0.5135135135135129,0.922972972972973
CID023648887,,,-0.06235407844386401,,,-0.21193097552839502,-57.2414,0.950138504155125,0.9697612732095492
CID023648890,,,-0.06866142531396802,informer,informer,informer,informer,informer,informer
CID023648920,,,-0.064432458017679,,,-0.18889415965084597,-24.2614,0.950953678474114,0.97007874015748
CID024802788,,,-0.08725996757464302,,,-0.27446873717048,-73.1371,0.9540816326530608,informer
CID024802961,,,-0.08403851707902601,,,-0.26888338232714093,-50.17,0.7352941176470591,0.8752136752136751
CID024803300,,,-0.11627881228147152,,,-0.26202099807382495,-46.9429,0.933823529411765,0.9639240506329108
CID024803301,,,-0.09899980096070898,,,-0.23723362192726194,informer,0.9067357512953372,0.956153846153846
CID024803786,,,-0.07940504503548101,,,-0.221996307815315,informer,0.951612903225806,informer
CID024803787,informer,informer,informer,,,-0.275237078178372,-40.4286,0.951351351351351,0.97023498694517
CID024803957,,,-0.08773761371897298,informer,informer,informer,,informer,0.8
CID024804298,,,-0.080549930812256,,,-0.3176073894068339,-52.1886,0.823529411764706,0.9421319796954308
CID024804299,,,-0.080549930812256,,,-0.315766468127474,-59.1943,0.0,0.9692722371967648
CID024804780,,,-0.08106547491767702,,,-0.347876048365885,informer,0.9268292682926828,informer
CID024804781,,,-0.075016999440502,informer,informer,informer,informer,informer,informer
CID024949702,,,-0.049725134656357986,,,-0.11568020104574799,-5.54286,0.8965517241379308,0.9544
CID025033539,,,-0.05231809561229401,,,-0.09614497726841899,-4.12857,0.4,0.8602150537634409
CID025093464,,,-0.04355476402828599,,,-0.079004635850517,-5.07143,0.928286852589641,0.962
CID025121268,,,-0.062381358663198994,,,-0.09259164304495501,-10.3714,0.6896551724137929,0.872072072072072
CID025190912,,,-0.08503300689535201,,,-0.09934249483888097,-11.0429,0.28,0.8577777777777779
CID025190914,,,-0.071100159352421,,,-0.08705544223410001,-6.714289999999999,0.941935483870968,0.8492753623188409
CID025263079,,,-0.084870851447331,,,-0.116953677687936,-9.07143,0.875,0.892857142857143
CID025263084,,,-0.07654402431261201,,,-0.08970326273712499,-9.6,0.924050632911392,0.8456140350877192
CID025263085,,,-0.07857545985518402,,,-0.093625522718248,-8.84286,0.953002610966057,0.915897435897436
CID025263100,,,-0.08429858759354501,,,-0.09647623748738696,-4.31429,0.95,0.9146005509641872
CID025263102,,,-0.07455679262257901,,,-0.10406126335779001,-15.75,0.953488372093023,0.916030534351145
CID025263105,,,-0.085430581826144,,,-0.09095923530063803,informer,0.8875,0.841666666666667
CID025263108,informer,informer,informer,,,-0.10339732535001199,-5.14286,0.8085106382978721,0.882962962962963
CID042618144,informer,informer,informer,,,-0.096931875003592,-23.9029,0.951086956521739,0.970157068062827
CID044269265,,,-0.045217190843458,,,-0.093057305230985,-12.9143,0.91219512195122,0.906024096385542
CID044279444,,,-0.04358088523515998,,,-0.08530035479534698,-5.67143,0.833333333333333,0.943564356435644
CID044305551,,,-0.030134063772607994,,,-0.05689863315834999,-10.8286,0.941368078175896,0.911326860841424
CID044305594,,,-0.03940805182946801,,,-0.07061122509172002,-8.957139999999999,0.946107784431138,0.968156424581006
CID044305647,,,-0.028055198092472994,,,-0.06346827748105299,-8.35857,0.94392523364486,0.967613636363636
CID044305812,,,-0.028547456020735006,,,-0.057741540228335,-13.7,0.931818181818182,0.963106796116505
CID044305879,,,-0.03396677237592301,,,-0.06619974859404601,-8.27143,0.941747572815534,0.967052023121387
CID044305910,,,-0.03742341631547401,,,-0.054158007204413,-13.4143,0.526315789473684,0.923489932885906
CID044306199,,,-0.03450914149454699,,,-0.05828243033621397,-19.4714,0.0,0.910204081632653
CID044328896,,,-0.037707783158218995,,,-0.08777815602842497,-4.7285699999999995,0.923404255319149,0.960278745644599
CID044328970,,,-0.03744872258020599,,,-0.08590639736169302,-11.5714,0.897142857142857,0.954581673306773
CID044336137,,,-0.044211183394044,,,-0.073602098364214,-10.0714,0.9397993311036792,0.966470588235294
CID044336144,,,-0.043209600679689014,,,-0.08953179474550099,-12.4286,0.9532467532467528,0.9709183673469391
CID044397011,informer,informer,informer,,,-0.074187153063033,-5.98571,0.945945945945946,0.913274336283186
CID044397192,,,-0.02459431227812802,,,-0.058194451275852,-34.4229,0.944615384615385,0.912345679012346
CID044397230,,,-0.04232379806456201,,,-0.07876441463664598,-9.21857,0.9518716577540112,0.9153439153439152
CID044397393,,,-0.038146767862583,,,-0.07454787993315096,-3.61429,0.8448275862068969,0.945454545454545
CID044397687,,,-0.047370068726642,,,-0.08826851765782397,-3.38571,0.8636363636363641,0.8897435897435899
CID044433573,,,-0.051157939251774004,,,-0.089084527808934,-6.17143,0.9299610894941628,0.908960573476703
CID044479934,,,-0.04415849234804502,,,-0.09705292045059001,-18.6429,0.0,0.906976744186047
CID044525485,,,-0.04947604811973099,,,-0.13120420790597198,-6.35714,0.9325842696629209,0.9633440514469448
CID044525486,,,-0.05606229460560998,,,-0.13434943120646703,-16.1,0.795454545454545,0.88062015503876
CID044525920,,,-0.045378490300883007,,,-0.13196686274506597,-10.0714,0.861538461538462,0.94841628959276
CID044525921,,,-0.045854945116991994,,,-0.10717934367855897,-2.22857,0.756756756756757,0.9348571428571428
CID044525922,,,-0.049607959467976005,,,-0.106366147211337,-8.6,0.836363636363636,0.944390243902439
CID044525923,,,-0.050340740481758,,,-0.12470346195159898,-6.857139999999999,0.890909090909091,0.95327868852459
CID044525924,,,-0.046050832947236,,,-0.10885727851748299,-4.07143,0.71875,0.931736526946108
CID044525925,,,-0.05072019658708801,,,-0.137262192347307,-8.6,0.9189189189189192,0.90727969348659
CID044525926,,,-0.036549563670526,,,-0.116266459938424,-6.08571,0.617021276595745,0.83030303030303
CID044525927,,,-0.05451532209688301,,,-0.134374109565709,-6.5571399999999995,0.922077922077922,0.959859154929577
CID044525928,,,-0.04270998944286101,,,-0.111092339986156,-4.59,0.936619718309859,0.965137614678899
CID044525929,,,-0.04402503598625401,,,-0.10691041373315699,-4.8857099999999996,0.913875598086124,0.957142857142857
CID044525930,informer,informer,informer,,,-0.12236944572706102,-4.471430000000001,0.859375,0.947945205479452
CID044525931,,,-0.043729696380773994,,,-0.10340261585987598,-6.657139999999999,0.886792452830189,0.9525
CID044525932,,,-0.051506065331601,,,-0.126732122116473,-5.75714,0.8831168831168829,0.9516949152542372
CID044525933,,,-0.046403183935989016,,,-0.10264853996528098,-3.02857,0.918181818181818,0.958695652173913
CID044525934,,,-0.051234104515525986,,,-0.11296716132016899,-1.7,0.892857142857143,0.953658536585366
CID044525935,,,-0.045015022901639994,,,-0.13103720352177198,-6.18571,0.852459016393443,0.9467289719626172
CID044525936,,,-0.04001546165618,,,-0.12596400445430597,-8.985710000000001,0.8775510204081629,0.8935672514619879
CID044525937,,,-0.04625785374282598,,,-0.12107525323944296,-4.2285699999999995,0.933333333333333,0.963694267515924
CID044525938,,,-0.049619083403876996,,,-0.11711592199037697,-2.78571,0.942307692307692,0.911746031746032
CID044525939,,,-0.050327407728692,,,-0.123511312890927,-9.87143,0.92741935483871,0.961616161616162
CID044525940,,,-0.045945741307678,,,-0.11980560160089,-7.714289999999999,0.6842105263157889,0.92962962962963
CID044525941,,,-0.03672102795640301,,,-0.12719945972462302,-8.88,0.862595419847328,0.9486486486486492
CID044525942,,,-0.05473995041546301,,,-0.149565821562348,-3.9285699999999997,0.842105263157895,0.944927536231884
CID044525943,,,-0.044136181254501,,,-0.11763961863983496,-3.11429,0.947521865889213,0.968681318681319
CID044525944,,,-0.051812676630154014,,,-0.121988168146449,-3.9142900000000003,0.938566552901024,0.965868263473054
CID044525945,,,-0.047000952604587004,,,-0.11648473016371902,-7.38571,0.8988764044943821,0.954940711462451
CID044525946,,,-0.05065725344966201,,,-0.11984988186279098,-5.7,0.936842105263158,0.909965635738832
CID044525947,,,-0.04957470910464799,,,-0.13197828036915704,-6.5,0.944099378881988,0.967705382436261
CID044525948,,,-0.047735753859438006,,,-0.11286508617952803,-3.3,0.8888888888888891,0.9528925619834708
CID044525949,,,-0.05105840084151999,,,-0.108933631182468,-7.24286,0.86046511627907,0.948181818181818
CID044525950,,,-0.051745508249185015,,,-0.11505624595846603,-9.942860000000001,0.94478527607362,0.912538226299694
CID044525951,,,-0.050960852613455,,,-0.11502457216820902,-5.3,0.826923076923077,0.942713567839196
CID044525952,,,-0.056124696131923,,,-0.139809469461613,-8.985710000000001,0.0,0.8942528735632179
CID044525953,,,-0.048450365951984015,,,-0.10965708418476999,-8.68571,0.790697674418605,0.938378378378378
CID044525954,,,-0.04568122480112399,,,-0.10944930055689,-6.528569999999999,0.853658536585366,0.9469767441860458
CID044525955,,,-0.053028963697297,,,-0.11751452284049799,-6.028569999999999,0.9010989010989008,0.9
CID044525956,,,-0.052102271484866014,,,-0.12319025827987598,-12.7,0.890243902439024,0.8967741935483872
CID044525957,,,-0.04799901792916901,,,-0.108539683765466,-5.528569999999999,0.75,0.934104046242775
CID044525958,,,-0.05206068969326401,,,-0.11155213261908001,-6.971430000000001,0.753424657534247,0.93448275862069
CID044525959,,,-0.04694698886607801,,,-0.134704755062664,-2.52857,0.928,0.9618729096989972
CID044525960,,,-0.045358141990313,,,-0.105593920961546,-3.65714,0.932330827067669,0.9632258064516128
CID044525961,,,-0.04759004568853201,,,-0.122294336898915,-9.94571,0.891566265060241,0.953469387755102
CID044525962,,,-0.046251436772740004,,,-0.123912043278928,-8.42857,0.8723404255319149,0.95
CID044525963,,,-0.04783590180245601,,,-0.10425564217157303,-6.9,0.8758620689655171,0.950434782608696
CID044525964,,,-0.053139632766776995,,,-0.114665251357352,-5.62857,0.0,0.94622641509434
CID044525965,,,-0.05924943326360099,,,-0.14071307751373202,-4.74286,0.8348623853211009,0.94384236453202
CID044525966,,,-0.04686703200935501,,,-0.11114844354667597,-2.28571,0.907692307692308,0.95632183908046
CID044525967,,,-0.05629359005380799,,,-0.12831950772546802,-5.44286,0.8487394957983191,0.945971563981043
CID044525968,,,-0.046138521532178,,,-0.10776025879423203,-3.81429,0.911330049261084,0.9056910569105692
CID044525969,,,-0.048986040460165,,,-0.10818329626717299,-5.7285699999999995,0.953125,0.9708439897698208
CID044525970,,,-0.05415850904887097,,,-0.11787674489244897,-5.3857099999999996,0.933085501858736,0.9635782747603828
CID044525971,,,-0.05942700935945001,,,-0.157663941154049,-3.62857,0.9409836065573772,0.9668604651162792
CID044525972,,,-0.04703013107311599,,,-0.12336114771101502,-4.28571,0.9052631578947372,0.901851851851852
CID044525973,,,-0.04572908226745401,,,-0.12158626022423699,-7.4428600000000005,0.0,0.965349544072948
CID044525974,,,-0.05792779466431199,,,-0.13591449054399302,-13.0257,0.806451612903226,0.8818181818181821
CID044526068,,,-0.06094697118297001,,,-0.09062496889449599,-6.8,0.8860759493670891,0.952301255230126
CID044526069,,,-0.05849936801061699,,,-0.08644681183469001,-7.028569999999999,0.92436974789916,0.9605536332179928
CID044526070,,,-0.06541767922160402,,,-0.095482422343021,-6.4,0.55,0.864646464646465
CID044526071,,,-0.064077433144093,,,-0.087397469664216,-5.528569999999999,0.7096774193548392,0.931325301204819
CID044526072,,,-0.055388529273787984,,,-0.094945136520625,-8.65714,0.940199335548173,0.966666666666667
CID044526073,,,-0.063281122603475,,,-0.09391092856310797,-4.8857099999999996,0.581395348837209,0.9254901960784307
CID044526074,informer,informer,informer,,,-0.09212798700312601,-6.471430000000001,0.94375,0.967521367521368
CID044526075,,,-0.05605031587923501,,,-0.087715476190569,-9.1,0.916666666666667,0.958088235294118
CID044526076,,,-0.063266181567263,,,-0.11081219157800098,-11.9,0.908163265306122,0.903896103896104
CID044526077,,,-0.060181742786446,,,-0.11438359253694501,-2.27143,0.949579831932773,0.9696
CID044526078,,,-0.05725304483153001,,,-0.08837412261791702,-10.6429,0.9449541284403672,0.9127272727272728
CID044526099,,,-0.047179195061169,,,-0.09742794214133799,-35.0586,0.0,0.8793650793650791
CID044526685,,,-0.05163044027914,,,-0.07344314765241802,-6.74286,0.945121951219512,0.967977528089888
CID044526922,,,-0.048833759893159995,,,-0.098541677777754,-16.7286,0.950549450549451,0.914905149051491
CID044527001,,,-0.045102877350682996,,,-0.100299885730317,-11.4957,0.9375,0.965454545454545
CID044527361,,,-0.055537490721894,,,-0.08688002241514298,-12.8857,0.7391304347826091,0.933333333333333
CID044527603,,,-0.051491653888472,,,-0.11174076426164499,-10.5,0.917808219178082,0.958545454545455
CID044527657,,,-0.049348684836265005,,,-0.09600820776567202,-5.73,0.775,0.936312849162011
CID044528946,,,-0.048117975774234004,,,-0.10005853628230701,-4.5,0.935943060498221,0.9648148148148148
CID044528968,,,-0.046952583341644,,,-0.108561701320839,-9.885710000000001,0.8977272727272729,0.898989898989899
CID044529101,,,-0.052924249579233015,,,-0.11226739161160997,-11.5714,0.934545454545455,0.964263322884013
CID044529112,,,-0.048320605007353995,,,-0.10904561615157998,-4.71429,0.937931034482759,0.965765765765766
CID044529114,,,-0.051996239239571,informer,informer,informer,,informer,0.914124293785311
CID044529220,,,-0.050227602458834994,,,-0.11007624338237601,informer,0.0,informer
CID044529229,,,-0.062528395270253,,,-0.08421888873988997,-8.02857,0.928853754940711,0.908695652173913
CID044529262,,,-0.05161134299282599,,,-0.09575798678627603,-9.457139999999999,0.8285714285714291,0.943
CID044529278,,,-0.051742172259842026,,,-0.10552824925694101,-13.0714,0.82,0.941836734693878
CID044529279,,,-0.052409624501066995,,,-0.10937667197691398,-12.4314,0.14285714285714302,0.9179856115107908
CID044529385,,,-0.043668673632168,,,-0.07366667954361503,-7.9428600000000005,0.931297709923664,0.9628664495114008
CID044529831,,,-0.03960150386186,,,-0.106701188326709,-6.61429,0.933579335793358,0.963809523809524
CID044532102,,,-0.050217296109153015,,,-0.10472667735900301,-5.7714300000000005,0.91304347826087,0.956818181818182
CID044532297,,,-0.046048635661255,,,-0.089353487084553,-6.35714,0.935483870967742,0.9647058823529407
CID044532432,,,-0.04495973843407999,,,-0.07685527544347101,-5.971430000000001,0.9032258064516128,0.9558139534883722
CID044532433,,,-0.04650434950935199,,,-0.08325936220646898,-9.17143,0.9492957746478872,0.9694369973190352
CID044532438,,,-0.053041623385434014,,,-0.09554698718286198,-4.78571,0.25,0.80952380952381
CID044532445,,,-0.047910937311354,,,-0.08409987382912602,-11.2,0.9296875,0.962376237623762
CID044532446,,,-0.048426872719599987,,,-0.08029393102374398,-9.614289999999999,0.854838709677419,0.947222222222222
CID044532450,,,-0.04747242473136402,,,-0.08845808206507201,-7.537139999999999,0.914285714285714,0.9066666666666672
CID044532477,,,-0.044943134641592,,,-0.09418792416174498,-6.398569999999999,0.843478260869565,0.945192307692308
CID044532478,,,-0.043093036307974994,,,-0.08446761198974503,-6.4,0.793103448275862,0.938709677419355
CID044532480,,,-0.043192557191034014,,,-0.08633598113594296,-5.91429,0.9481268011527378,0.968937329700272
CID044532526,,,-0.04011786531512898,,,-0.09113456632687,-10.4186,0.858267716535433,0.8888888888888891
CID044532531,,,-0.04883046807821702,,,-0.10692350575589302,-7.2,0.952506596306069,0.9706940874035992
CID044532639,informer,informer,informer,,,-0.08383706313897898,-26.9171,0.925925925925926,0.961224489795918
CID044532683,,,-0.051543045654845,,,-0.115646154177873,-9.514289999999999,0.8881987577639749,0.952697095435685
CID044532690,,,-0.04439827593388501,,,-0.089522045821947,-11.6214,0.8252427184466021,0.942424242424242
CID044532712,,,-0.048567756181888,,,-0.105015250429088,-15.7571,0.9506849315068492,0.97
CID044532720,,,-0.04397648194653899,,,-0.08298359408004,-42.7829,0.783132530120482,0.937362637362637
CID044532737,,,-0.03708261280730701,,,-0.074943177410778,-6.31429,0.8461538461538459,0.8870748299319731
CID044532978,,,-0.056377405893721005,,,-0.094089267629298,-13.0786,0.9405940594059408,0.8484848484848492
CID044532997,,,-0.058567231781389006,,,-0.11468654496293004,-10.1857,0.942857142857143,0.9119496855345908
CID044535870,,,-0.05914830129220001,,,-0.102081419202376,-19.2871,0.944444444444444,0.967887323943662
CID044536075,,,-0.06449187909345,,,-0.09437241061588003,-8.22857,0.923076923076923,0.96013986013986
CID044571415,,,-0.05416188310991302,,,-0.09313518704141201,-9.042860000000001,0.85,0.946478873239437
CID044578252,,,-0.047817046398243024,,,-0.10139185851102099,-16.7571,0.925619834710744,0.961092150170648
CID044578566,,,-0.04639763670072,,,-0.08831397860595601,-4.5,0.5609756097560981,0.924503311258278
CID044578630,,,-0.05389130461644301,,,-0.11745004433460399,-1.9857099999999999,0.6785714285714289,0.929192546583851
CID044578709,,,-0.056145555783045004,,,-0.11953869201259601,-8.74571,0.763157894736842,0.878048780487805
CID044591552,,,-0.065522526538726,,,-0.195813227942354,-51.6571,0.9479768786127172,0.913793103448276
CID044591845,,,-0.080422409677057,,,-0.34715169090172093,-50.3971,0.857142857142857,0.9477064220183492
CID044592364,,,-0.085913283571882,,,-0.26807862316919095,-60.4143,0.925,0.9608247422680408
CID044592502,,,-0.08322797977704499,informer,informer,informer,informer,informer,0.913450292397661
CID045269578,,,-0.047083529333396004,,,-0.10028212775378602,-4.01429,0.608695652173913,0.925974025974026
CID045270417,,,-0.047046651529053005,,,-0.07689346191123998,-6.88571,0.898305084745763,0.954761904761905
CID045271243,,,-0.039046930381602014,,,-0.07411879013636298,-8.58571,0.952127659574468,0.9705426356589152
CID045271244,,,-0.044317806028075,,,-0.089364644362207,-8.557139999999999,0.952,0.970466321243523
CID045271247,,,-0.03955147922583101,,,-0.074971231932111,-3.9285699999999997,0.918552036199095,0.95884476534296
CID045272980,,,-0.055088090705908,,,-0.09463126861153802,-9.57143,0.780487804878049,0.937016574585635
CID045272982,,,-0.045222552233195004,,,-0.073827625017798,-23.9786,0.9,0.8995024875621891
CID045480848,,,-0.055635563044718,,,-0.10731835662379902,-7.38571,0.9485714285714292,0.9691056910569108
CID045481463,,,-0.05856123639999,,,-0.11094865965099102,-3.9142900000000003,0.900552486187845,0.9552941176470592
CID046214650,,,-0.04752053606398398,,,-0.08097799315214597,-5.33,0.938356164383562,0.9106666666666672
CID046215644,,,-0.04930146734612498,,,-0.08169510780312797,-23.8043,0.912621359223301,0.906349206349206
CID046215814,,,-0.05052561490464299,,,-0.10227777929316197,-33.9243,0.945619335347432,0.913095238095238
CID046215816,,,-0.04761952479995202,,,-0.08979837723209501,-14.5229,0.704918032786885,0.833333333333333
CID046886665,,,-0.03311612329572501,,,-0.07535124471713399,-24.8186,0.9508196721311468,0.91505376344086
CID046927597,,,-0.04866562894075101,informer,informer,informer,-14.8929,informer,0.8949152542372879
CID046927672,,,-0.049233550900092,,,-0.102104586816927,-11.8714,0.837837837837838,informer
CID049798353,,,-0.04665796144258101,,,-0.07437803200273402,-4.81429,0.938775510204082,0.9659701492537308
CID049862644,,,-0.078166588444991,,,-0.08702334322588802,-28.0214,0.0,0.8
CID049862783,,,-0.06511670891743,,,-0.082985203010542,-18.7186,0.9465875370919878,0.8
CID051354036,,,-0.04633030824026599,,,-0.10279281935442501,-10.9857,0.590909090909091,0.866666666666667
CID051354327,,,-0.05451196391533,,,-0.11075758782238695,-13.1714,0.8217821782178221,0.885106382978723
CID051354328,,,-0.049547352728887994,,,-0.10113614298332899,-10.5043,0.8838709677419359,0.896174863387978
CID051354901,informer,informer,informer,,,-0.08953728402664299,-6.27,0.880794701986755,0.9512820512820508
CID051355190,,,-0.048284123687020994,,,-0.089227552990017,-11.4857,0.666666666666667,0.87037037037037
CID051356289,,,-0.05012454929038801,,,-0.11423230755252001,-40.75,0.943037974683544,0.91214953271028
CID051356852,,,-0.045007342657327004,,,-0.08018591081691101,-13.2486,0.742857142857143,0.876666666666667
CID051356853,,,-0.04490467657340901,,,-0.08454352218581702,-20.9186,0.942122186495177,0.85
CID051356854,,,-0.04428956753978199,,,-0.08896899673714001,-20.7857,0.9357142857142858,0.909722222222222
CID051356855,,,-0.04459369064577301,,,-0.07423638858996298,-4.9,0.818181818181818,0.8840579710144929
CID051356856,,,-0.047001248193602005,,,-0.074726277808427,-4.94286,0.8512396694214879,0.888
CID051357138,,,-0.04210077663917099,,,-0.07764130062535499,-6.08571,0.8301886792452831,0.8861111111111108
CID051357696,,,-0.050607191744443995,,,-0.08953728402664299,-7.25714,0.954314720812183,0.916417910447761
CID051357954,,,-0.05120595839689401,,,-0.10193765685950798,-19.6929,0.9527559055118108,0.915625
CID053245731,informer,informer,informer,,,-0.10466198019062198,-22.4457,0.8941176470588241,0.953846153846154
CID053317178,,,-0.051078385734735,,,-0.077647171562272,-15.6971,0.8105263157894741,0.940625
CID053322416,,,-0.056397501896185,,,-0.10082300580620603,-6.28571,0.647058823529412,0.927388535031847
CID053466728,,,-0.06076271880772998,,,-0.10655896363712203,-7.542860000000001,0.867647058823529,0.949333333333333
CID053466951,,,-0.053256980854056,,,-0.088461893370953,-6.68571,0.1,0.855172413793103
CID053467178,informer,informer,informer,,,-0.08572724116607501,-7.542860000000001,0.931034482758621,0.962745098039216
CID053467392,,,-0.050218917969542,informer,informer,informer,informer,informer,informer
CID053467617,,,-0.05665006053652102,,,-0.098948158048318,-5.57857,0.953367875647668,0.970992366412214
CID053469448,,,-0.04582566676721199,,,-0.08579784672404603,-11.1429,0.8934911242603549,0.897916666666667
CID053469449,,,-0.050823609247689014,,,-0.084909466707536,-8.34286,0.772151898734177,0.935955056179775
CID053469453,,,-0.04723529054842701,,,-0.08521336900506399,-7.6,0.922413793103448,0.844444444444444
CID053469634,,,-0.055355309031656995,,,-0.09248714915666198,-11.3429,0.0,0.916161616161616
CID053469824,,,-0.058859869220331,,,-0.10050165268059698,-17.3943,0.941558441558442,0.911538461538462
CID056670156,,,-0.045885012995922014,informer,informer,informer,informer,informer,0.940314136125654
CID056673516,,,-0.042299467227936025,informer,informer,informer,,informer,informer
CID056673950,,,-0.08437130641680501,,,-0.09325953581689299,-28.2943,0.889570552147239,0.953086419753086
CID056680318,,,-0.051677434856299,,,-0.11304166388943898,-4.75714,0.9095477386934672,0.956653992395437
CID056683489,,,-0.05105045758970701,,,-0.10692456517422999,-13.1143,0.952254641909814,0.9706185567010308
CID057345685,,,-0.068499566337513,,,-0.064454679915762,-8.957139999999999,0.9464285714285708,0.9683333333333328
CID057391365,,,-0.06361856213967501,,,-0.070284756677684,-9.62857,0.954545454545455,0.916543209876543
CID057394915,,,-0.05019900744580001,,,-0.09496441560244198,-9.057139999999999,0.7142857142857142,0.8736842105263158
CID057396625,,,-0.07093279859926802,,,-0.067158310230258,-5.7,0.949152542372881,0.969354838709677
CID057396626,,,-0.059988109284623,,,-0.06436019413570797,-5.04286,0.7230769230769231,0.932142857142857
CID057396627,,,-0.063333626697753,,,-0.06549891467119799,-7.32857,0.9381443298969068,0.91043771043771
CID057398391,,,-0.06610764596991302,,,-0.06537129956397003,-3.12857,0.939597315436242,0.966371681415929
CID057398392,,,-0.06465732369961201,,,-0.06770003357702603,-10.8143,0.908629441624365,0.9564885496183207
CID057400063,,,-0.045148868344359,,,-0.073710037184945,-4.01429,0.954430379746835,0.971356783919598
CID057401865,informer,informer,informer,,,-0.05896000478871,-8.72857,0.8947368421052628,0.954032258064516
CID057401867,,,-0.06261403024372,,,-0.063576136257865,-6.18571,0.937062937062937,0.965243902439024
CID057403576,,,-0.065515435504189,,,-0.063546856114598,-5.7714300000000005,0.917431192660551,0.958394160583942
CID057403579,,,-0.053063960724352,,,-0.06876239349519701,-7.914289999999999,0.90625,0.902702702702703
CID060150509,,,-0.04872318730649701,,,-0.07123229629866198,-6.962860000000001,0.660377358490566,0.928301886792453
CID066561010,,,-0.04925941689750799,,,-0.08931485987645302,-3.07143,0.625,0.926451612903226
CID066561013,,,-0.04607360525925001,,,-0.09172866752059598,-8.32857,0.952879581151832,0.9157622739018092
CID066561090,,,-0.04574947595145201,,,-0.08231273171277999,-9.17143,0.8125,0.940932642487047
CID070683337,,,-0.062428628529847006,,,-0.061202478336737975,-5.971430000000001,0.0526315789473685,0.917391304347826
CID070683338,,,-0.05726119381326801,,,-0.06340244985259295,-18.81,0.903743315508021,0.9009523809523812
CID070685440,,,-0.06657188163060301,,,-0.063807933847642,-7.2,0.8994413407821229,0.955118110236221
CID070685442,,,-0.053791531569636994,,,-0.06943499720138797,-8.037139999999999,0.946745562130177,0.9684210526315792
CID070691776,,,-0.06447652504822102,,,-0.06227077148632598,-10.2857,0.948863636363636,0.914285714285714
CID071451677,,,-0.05251085411708701,,,-0.09325174170800896,-15.6143,0.856,0.947465437788018
